1705,2019-07-24 01:44:01.000000,2019-07-24 01:43:48.000000,38,Outbound,14265,2019-07-24 01:33:55.000000,2019-07-24 01:44:02.000000
1706,2019-07-24 01:44:01.000000,2019-07-24 01:43:48.000000,7,Inbound,15311,2019-07-24 01:41:05.000000,2019-07-24 01:44:04.000000
1707,2019-07-24 01:44:01.000000,2019-07-24 01:43:48.000000,2,Inbound,16125,2019-07-24 01:41:17.000000,2019-07-24 01:44:05.000000
1708,2019-07-24 01:44:01.000000,2019-07-24 01:43:48.000000,38,Outbound,17854,2019-07-24 01:46:17.000000,2019-07-24 01:44:06.000000
1709,2019-07-24 01:44:01.000000,2019-07-24 01:43:48.000000,N,Outbound,15205,2019-07-24 01:37:33.000000,2019-07-24 01:44:06.000000
1710,2019-07-24 01:44:01.000000,2019-07-24 01:43:48.000000,14,Inbound,15583,2019-07-24 01:41:18.000000,2019-07-24 01:44:07.000000
1711,2019-07-24 01:44:01.000000,2019-07-24 01:43:48.000000,2,Outbound,13644,2019-07-24 01:46:05.000000,2019-07-24 01:44:07.000000
1712,2019-07-24 01:44:01.000000,2019-07-24 01:43:48.000000,38,Inbound,15814,2019-07-24 01:45:39.000000,2019-07-24 01:44:07.000000
1713,2019-07-24 01:44:01.000000,2019-07-24 01:43:48.000000,2,Outbound,16609,2019-07-24 01:39:41.000000,2019-07-24 01:44:08.000000
1714,2019-07-24 01:44:01.000000,2019-07-24 01:43:48.000000,N,Inbound,15214,2019-07-24 01:38:56.000000,2019-07-24 01:44:08.000000
1715,2019-07-24 01:44:01.000000,2019-07-24 01:43:48.000000,14,Outbound,15600,2019-07-24 01:45:59.000000,2019-07-24 01:44:16.000000
1716,2019-07-24 01:44:01.000000,2019-07-24 01:43:48.000000,38,Outbound,14304,2019-07-24 01:41:15.000000,2019-07-24 01:44:16.000000
1717,2019-07-24 01:44:01.000000,2019-07-24 01:43:48.000000,38,Inbound,14756,2019-07-24 01:46:00.000000,2019-07-24 01:44:17.000000
1718,2019-07-24 01:44:01.000000,2019-07-24 01:43:48.000000,M,Outbound,16223,2019-07-24 01:45:35.000000,2019-07-24 01:44:18.000000
1719,2019-07-24 01:44:01.000000,2019-07-24 01:43:48.000000,14,Inbound,15531,2019-07-24 01:44:34.000000,2019-07-24 01:44:19.000000
1720,2019-07-24 01:44:01.000000,2019-07-24 01:43:48.000000,M,Outbound,16995,2019-07-24 01:31:27.000000,2019-07-24 01:44:20.000000
1721,2019-07-24 01:44:01.000000,2019-07-24 01:43:48.000000,N,Inbound,14506,2019-07-24 01:44:00.000000,2019-07-24 01:44:22.000000
1722,2019-07-24 01:44:01.000000,2019-07-24 01:43:48.000000,38,Inbound,14761,2019-07-24 01:44:30.000000,2019-07-24 01:44:24.000000
1723,2019-07-24 01:44:01.000000,2019-07-24 01:43:48.000000,N,Inbound,15204,2019-07-24 01:09:34.000000,2019-07-24 01:44:24.000000
1724,2019-07-24 01:44:01.000000,2019-07-24 01:43:48.000000,7,Inbound,14943,2019-07-24 01:43:16.000000,2019-07-24 01:44:25.000000
1725,2019-07-24 01:44:01.000000,2019-07-24 01:43:48.000000,14,Inbound,15544,2019-07-24 01:48:00.000000,2019-07-24 01:44:26.000000
1726,2019-07-24 01:44:01.000000,2019-07-24 01:43:48.000000,14,Outbound,15584,2019-07-24 01:43:39.000000,2019-07-24 01:44:27.000000
1727,2019-07-24 01:44:01.000000,2019-07-24 01:43:48.000000,2,Inbound,16020,2019-07-24 01:40:02.000000,2019-07-24 01:44:28.000000
1728,2019-07-24 01:44:01.000000,2019-07-24 01:43:48.000000,M,Inbound,13361,2019-07-24 01:09:24.000000,2019-07-24 01:44:29.000000
1729,2019-07-24 01:44:01.000000,2019-07-24 01:43:48.000000,14,Outbound,15568,2019-07-24 01:46:59.000000,2019-07-24 01:44:30.000000
1730,2019-07-24 01:44:01.000000,2019-07-24 01:43:48.000000,7,Outbound,13446,2019-07-24 01:47:18.000000,2019-07-24 01:44:35.000000
1731,2019-07-24 01:44:01.000000,2019-07-24 01:43:48.000000,7,Outbound,14941,2019-07-24 01:43:35.000000,2019-07-24 01:44:36.000000
1732,2019-07-24 01:44:01.000000,2019-07-24 01:43:48.000000,2,Outbound,16601,2019-07-24 01:36:58.000000,2019-07-24 01:44:40.000000
1733,2019-07-24 01:44:01.000000,2019-07-24 01:43:48.000000,7,Inbound,15652,2019-07-24 01:45:01.000000,2019-07-24 01:44:41.000000
1734,2019-07-24 01:44:01.000000,2019-07-24 01:43:48.000000,7,Outbound,15657,2019-07-24 01:45:41.000000,2019-07-24 01:44:47.000000
1735,2019-07-24 01:44:01.000000,2019-07-24 01:43:48.000000,M,Outbound,13403,2019-07-24 01:41:09.000000,2019-07-24 01:44:49.000000
1736,2019-07-24 01:44:01.000000,2019-07-24 01:43:48.000000,2,Inbound,14043,2019-07-24 01:41:31.000000,2019-07-24 01:44:50.000000
1737,2019-07-24 01:44:01.000000,2019-07-24 01:43:48.000000,M,Inbound,16257,2019-07-24 00:50:42.000000,2019-07-24 01:44:50.000000
1738,2019-07-24 01:44:01.000000,2019-07-24 01:43:48.000000,N,Outbound,16997,2019-07-24 01:45:38.000000,2019-07-24 01:44:57.000000
1739,2019-07-24 01:44:01.000000,2019-07-24 01:43:48.000000,N,Outbound,15211,2019-07-24 01:36:20.000000,2019-07-24 01:45:06.000000
1740,2019-07-24 01:44:01.000000,2019-07-24 01:43:48.000000,M,Inbound,15730,2019-07-24 01:37:39.000000,2019-07-24 01:45:17.000000
1741,2019-07-24 01:48:01.000000,2019-07-24 01:47:50.000000,38,Outbound,14273,2019-07-24 01:38:27.000000,2019-07-24 01:48:04.000000
1742,2019-07-24 01:48:01.000000,2019-07-24 01:47:50.000000,38,Outbound,15689,2019-07-24 01:48:20.000000,2019-07-24 01:48:04.000000
1743,2019-07-24 01:48:01.000000,2019-07-24 01:47:50.000000,14,Outbound,15529,2019-07-24 01:41:13.000000,2019-07-24 01:48:05.000000
1744,2019-07-24 01:48:01.000000,2019-07-24 01:47:50.000000,2,Inbound,13853,2019-07-24 01:46:05.000000,2019-07-24 01:48:05.000000
1745,2019-07-24 01:48:01.000000,2019-07-24 01:47:50.000000,M,Inbound,17111,2019-07-24 00:48:46.000000,2019-07-24 01:48:05.000000
1746,2019-07-24 01:48:01.000000,2019-07-24 01:47:50.000000,14,Inbound,15571,2019-07-24 01:50:00.000000,2019-07-24 01:48:08.000000
1747,2019-07-24 01:48:01.000000,2019-07-24 01:47:50.000000,2,Outbound,16595,2019-07-24 01:39:01.000000,2019-07-24 01:48:11.000000
1748,2019-07-24 01:48:01.000000,2019-07-24 01:47:50.000000,14,Inbound,15628,2019-07-24 01:47:59.000000,2019-07-24 01:48:12.000000
1749,2019-07-24 01:48:01.000000,2019-07-24 01:47:50.000000,14,Inbound,17945,2019-07-24 01:48:03.000000,2019-07-24 01:48:12.000000
1750,2019-07-24 01:48:01.000000,2019-07-24 01:47:50.000000,7,Inbound,15648,2019-07-24 01:48:23.000000,2019-07-24 01:48:13.000000
1751,2019-07-24 01:48:01.000000,2019-07-24 01:47:50.000000,M,Inbound,15730,2019-07-24 01:47:39.000000,2019-07-24 01:48:15.000000
1752,2019-07-24 01:48:01.000000,2019-07-24 01:47:50.000000,N,Inbound,15208,2019-07-24 01:43:21.000000,2019-07-24 01:48:15.000000
1753,2019-07-24 01:48:01.000000,2019-07-24 01:47:50.000000,2,Outbound,14042,2019-07-24 01:49:40.000000,2019-07-24 01:48:18.000000
1754,2019-07-24 01:48:01.000000,2019-07-24 01:47:50.000000,N,Outbound,13912,2019-07-24 01:44:00.000000,2019-07-24 01:48:22.000000
1755,2019-07-24 01:48:01.000000,2019-07-24 01:47:50.000000,14,Outbound,15580,2019-07-24 01:47:23.000000,2019-07-24 01:48:24.000000
1756,2019-07-24 01:48:01.000000,2019-07-24 01:47:50.000000,38,Inbound,16425,2019-07-24 01:49:41.000000,2019-07-24 01:48:24.000000
1757,2019-07-24 01:48:01.000000,2019-07-24 01:47:50.000000,7,Inbound,15301,2019-07-24 01:45:55.000000,2019-07-24 01:48:25.000000
1758,2019-07-24 01:48:01.000000,2019-07-24 01:47:50.000000,7,Outbound,15678,2019-07-24 01:50:18.000000,2019-07-24 01:48:25.000000
1759,2019-07-24 01:48:01.000000,2019-07-24 01:47:50.000000,38,Inbound,14268,2019-07-24 01:51:05.000000,2019-07-24 01:48:29.000000
1760,2019-07-24 01:48:01.000000,2019-07-24 01:47:50.000000,14,Outbound,15528,2019-07-24 01:47:12.000000,2019-07-24 01:48:33.000000
1761,2019-07-24 01:48:01.000000,2019-07-24 01:47:50.000000,38,Outbound,14261,2019-07-24 01:51:10.000000,2019-07-24 01:48:34.000000
1762,2019-07-24 01:48:01.000000,2019-07-24 01:47:50.000000,N,Outbound,15211,2019-07-24 01:42:20.000000,2019-07-24 01:48:36.000000
1763,2019-07-24 01:48:01.000000,2019-07-24 01:47:50.000000,7,Outbound,14718,2019-07-24 01:44:15.000000,2019-07-24 01:48:38.000000
1764,2019-07-24 01:48:01.000000,1970-01-01 00:00:00.000000,N,Inbound,15216,2019-07-24 01:46:00.000000,2019-07-24 01:48:39.000000
1765,2019-07-24 01:48:01.000000,2019-07-24 01:47:50.000000,38,Inbound,17954,2019-07-24 01:53:00.000000,2019-07-24 01:48:41.000000
1766,2019-07-24 01:48:01.000000,2019-07-24 01:47:50.000000,2,Outbound,16098,2019-07-24 01:44:27.000000,2019-07-24 01:48:43.000000
1767,2019-07-24 01:48:01.000000,2019-07-24 01:47:50.000000,7,Outbound,15656,2019-07-24 01:45:55.000000,2019-07-24 01:48:47.000000
1768,2019-07-24 01:48:01.000000,2019-07-24 01:47:50.000000,N,Inbound,15197,2019-07-24 01:14:02.000000,2019-07-24 01:48:53.000000
1769,2019-07-24 01:48:01.000000,2019-07-24 01:47:50.000000,M,Inbound,16265,2019-07-24 00:49:43.000000,2019-07-24 01:48:54.000000
1770,2019-07-24 01:48:01.000000,2019-07-24 01:47:50.000000,2,Inbound,16024,2019-07-24 01:43:00.000000,2019-07-24 01:48:56.000000
1771,2019-07-24 01:48:01.000000,2019-07-24 01:47:50.000000,N,Outbound,15209,2019-07-24 01:44:56.000000,2019-07-24 01:49:01.000000
1772,2019-07-24 01:48:01.000000,2019-07-24 01:47:50.000000,7,Inbound,14953,2019-07-24 01:48:09.000000,2019-07-24 01:49:04.000000
1773,2019-07-24 01:48:01.000000,2019-07-24 01:47:50.000000,M,Outbound,16259,2019-07-24 01:44:23.000000,2019-07-24 01:49:07.000000
1774,2019-07-24 01:48:01.000000,2019-07-24 01:47:50.000000,2,Inbound,13897,2019-07-24 01:47:20.000000,2019-07-24 01:49:25.000000
1775,2019-07-24 01:48:01.000000,2019-07-24 01:47:50.000000,M,Outbound,13358,2019-07-24 01:51:00.000000,2019-07-24 01:49:53.000000
1776,2019-07-24 01:48:01.000000,2019-07-24 01:47:50.000000,M,Outbound,16266,2019-07-24 01:45:19.000000,2019-07-24 01:49:54.000000
1777,2019-07-24 01:52:01.000000,2019-07-24 01:51:52.000000,14,Outbound,15602,2019-07-24 01:52:00.000000,2019-07-24 01:52:04.000000
1778,2019-07-24 01:52:01.000000,2019-07-24 01:51:52.000000,7,Outbound,15761,2019-07-24 01:56:11.000000,2019-07-24 01:52:05.000000
1779,2019-07-24 01:52:01.000000,2019-07-24 01:51:52.000000,M,Inbound,17111,2019-07-24 00:48:46.000000,2019-07-24 01:52:05.000000
1780,2019-07-24 01:52:01.000000,2019-07-24 01:51:52.000000,7,Outbound,15296,2019-07-24 01:47:32.000000,2019-07-24 01:52:06.000000
1781,2019-07-24 01:52:01.000000,2019-07-24 01:51:52.000000,2,Outbound,16611,2019-07-24 01:54:20.000000,2019-07-24 01:52:07.000000
1782,2019-07-24 01:52:01.000000,2019-07-24 01:51:52.000000,38,Outbound,13566,2019-07-24 01:43:31.000000,2019-07-24 01:52:08.000000
1783,2019-07-24 01:52:01.000000,2019-07-24 01:51:52.000000,7,Outbound,14940,2019-07-24 01:48:51.000000,2019-07-24 01:52:11.000000
1784,2019-07-24 01:52:01.000000,2019-07-24 01:51:52.000000,14,Inbound,15547,2019-07-24 01:51:29.000000,2019-07-24 01:52:12.000000
1785,2019-07-24 01:52:01.000000,2019-07-24 01:51:52.000000,2,Inbound,16126,2019-07-24 01:45:43.000000,2019-07-24 01:52:14.000000
1786,2019-07-24 01:52:01.000000,2019-07-24 01:51:52.000000,14,Outbound,15614,2019-07-24 01:54:08.000000,2019-07-24 01:52:17.000000
1787,2019-07-24 01:52:01.000000,2019-07-24 01:51:52.000000,2,Outbound,16597,2019-07-24 01:42:03.000000,2019-07-24 01:52:19.000000
1788,2019-07-24 01:52:01.000000,2019-07-24 01:51:52.000000,M,Outbound,13387,2019-07-24 01:47:38.000000,2019-07-24 01:52:19.000000
1789,2019-07-24 01:52:01.000000,2019-07-24 01:51:52.000000,2,Outbound,16587,2019-07-24 01:52:17.000000,2019-07-24 01:52:20.000000
1790,2019-07-24 01:52:01.000000,2019-07-24 01:51:52.000000,N,Outbound,17219,2019-07-24 01:46:00.000000,2019-07-24 01:52:22.000000
1791,2019-07-24 01:52:01.000000,2019-07-24 01:51:52.000000,38,Outbound,14289,2019-07-24 01:55:34.000000,2019-07-24 01:52:23.000000
1792,2019-07-24 01:52:01.000000,2019-07-24 01:51:52.000000,2,Inbound,13893,2019-07-24 01:50:00.000000,2019-07-24 01:52:27.000000
1793,2019-07-24 01:52:01.000000,2019-07-24 01:51:52.000000,N,Outbound,15213,2019-07-24 01:48:29.000000,2019-07-24 01:52:28.000000
1794,2019-07-24 01:52:01.000000,2019-07-24 01:51:52.000000,14,Inbound,17945,2019-07-24 01:55:40.000000,2019-07-24 01:52:30.000000
1795,2019-07-24 01:52:01.000000,2019-07-24 01:51:52.000000,N,Outbound,15121,2019-07-24 01:48:03.000000,2019-07-24 01:52:30.000000
1796,2019-07-24 01:52:01.000000,2019-07-24 01:51:52.000000,38,Inbound,16425,2019-07-24 01:56:41.000000,2019-07-24 01:52:31.000000
1797,2019-07-24 01:52:01.000000,2019-07-24 01:51:52.000000,14,Inbound,15593,2019-07-24 01:52:00.000000,2019-07-24 01:52:34.000000
1798,2019-07-24 01:52:01.000000,2019-07-24 01:51:52.000000,M,Outbound,16991,2019-07-24 01:38:00.000000,2019-07-24 01:52:34.000000
1799,2019-07-24 01:52:01.000000,2019-07-24 01:51:52.000000,38,Outbound,14762,2019-07-24 01:51:48.000000,2019-07-24 01:52:35.000000
1800,2019-07-24 01:52:01.000000,2019-07-24 01:51:52.000000,7,Inbound,13089,2019-07-24 01:51:39.000000,2019-07-24 01:52:36.000000
1801,2019-07-24 01:52:01.000000,2019-07-24 01:51:52.000000,14,Outbound,15554,2019-07-24 01:53:45.000000,2019-07-24 01:52:37.000000
1802,2019-07-24 01:52:01.000000,2019-07-24 01:51:52.000000,N,Inbound,15200,2019-07-24 01:48:00.000000,2019-07-24 01:52:39.000000
1803,2019-07-24 01:52:01.000000,2019-07-24 01:51:52.000000,7,Inbound,16478,2019-07-24 01:50:41.000000,2019-07-24 01:52:44.000000
1804,2019-07-24 01:52:01.000000,2019-07-24 01:51:52.000000,M,Inbound,13715,2019-07-24 01:53:01.000000,2019-07-24 01:52:44.000000
1805,2019-07-24 01:52:01.000000,2019-07-24 01:51:52.000000,38,Inbound,14763,2019-07-24 01:54:56.000000,2019-07-24 01:52:52.000000
1806,2019-07-24 01:52:01.000000,2019-07-24 01:51:52.000000,38,Inbound,14262,2019-07-24 01:55:51.000000,2019-07-24 01:52:54.000000
1807,2019-07-24 01:52:01.000000,2019-07-24 01:51:52.000000,M,Inbound,16265,2019-07-24 00:49:43.000000,2019-07-24 01:52:54.000000
1808,2019-07-24 01:52:01.000000,2019-07-24 01:51:52.000000,N,Inbound,15225,2019-07-24 01:49:00.000000,2019-07-24 01:52:55.000000
1809,2019-07-24 01:52:01.000000,2019-07-24 01:51:52.000000,N,Inbound,15216,2019-07-24 01:53:00.000000,2019-07-24 01:52:56.000000
1810,2019-07-24 01:52:01.000000,2019-07-24 01:51:52.000000,7,Inbound,15642,2019-07-24 01:53:00.000000,2019-07-24 01:53:09.000000
1811,2019-07-24 01:52:01.000000,2019-07-24 01:51:52.000000,2,Inbound,16017,2019-07-24 01:46:36.000000,2019-07-24 01:53:13.000000
1812,2019-07-24 01:52:01.000000,2019-07-24 01:51:52.000000,M,Outbound,16173,2019-07-24 01:48:38.000000,2019-07-24 01:53:20.000000
1813,2019-07-24 02:20:01.000000,2019-07-24 02:19:47.000000,38,Inbound,14291,2019-07-24 02:20:31.000000,2019-07-24 02:20:03.000000
1814,2019-07-24 02:20:01.000000,2019-07-24 02:19:47.000000,38,Inbound,14291,2019-07-24 02:20:31.000000,2019-07-24 02:20:03.000000
1815,2019-07-24 02:20:01.000000,1970-01-01 00:00:00.000000,2,Inbound,17543,2019-07-24 02:18:00.000000,2019-07-24 02:18:00.000000
1816,2019-07-24 02:20:01.000000,2019-07-24 02:19:47.000000,7,Outbound,15759,2019-07-24 02:17:24.000000,2019-07-24 02:20:08.000000
1817,2019-07-24 02:20:01.000000,2019-07-24 02:19:47.000000,M,Inbound,13717,2019-07-24 02:18:11.000000,2019-07-24 02:20:08.000000
1818,2019-07-24 02:20:01.000000,2019-07-24 02:19:47.000000,N,Inbound,15239,2019-07-24 02:04:00.000000,2019-07-24 02:20:10.000000
1819,2019-07-24 02:20:01.000000,2019-07-24 02:19:47.000000,N,Inbound,14509,2019-07-24 02:15:00.000000,2019-07-24 02:20:14.000000
1820,2019-07-24 02:20:01.000000,2019-07-24 02:19:47.000000,14,Outbound,15627,2019-07-24 02:14:52.000000,2019-07-24 02:20:15.000000
1821,2019-07-24 02:20:01.000000,2019-07-24 02:19:47.000000,2,Outbound,16606,2019-07-24 02:17:00.000000,2019-07-24 02:20:15.000000
1822,2019-07-24 02:20:01.000000,2019-07-24 02:19:47.000000,38,Outbound,14271,2019-07-24 02:21:48.000000,2019-07-24 02:20:16.000000
1823,2019-07-24 02:20:01.000000,2019-07-24 02:19:47.000000,38,Outbound,14725,2019-07-24 02:18:00.000000,2019-07-24 02:20:18.000000
1824,2019-07-24 02:20:01.000000,2019-07-24 02:19:47.000000,N,Inbound,17318,2019-07-24 02:20:38.000000,2019-07-24 02:20:18.000000
1825,2019-07-24 02:20:01.000000,2019-07-24 02:19:47.000000,7,Outbound,15298,2019-07-24 02:10:17.000000,2019-07-24 02:20:22.000000
1826,2019-07-24 02:20:01.000000,2019-07-24 02:19:47.000000,38,Inbound,14279,2019-07-24 02:20:00.000000,2019-07-24 02:20:23.000000
1827,2019-07-24 02:20:01.000000,2019-07-24 02:19:47.000000,14,Outbound,15627,2019-07-24 02:22:52.000000,2019-07-24 02:20:24.000000
1828,2019-07-24 02:20:01.000000,2019-07-24 02:19:47.000000,14,Outbound,15584,2019-07-24 02:13:39.000000,2019-07-24 02:20:24.000000
1829,2019-07-24 02:20:01.000000,2019-07-24 02:19:47.000000,7,Inbound,13426,2019-07-24 02:23:58.000000,2019-07-24 02:20:25.000000
1830,2019-07-24 02:20:01.000000,2019-07-24 02:19:47.000000,7,Inbound,14963,2019-07-24 02:21:07.000000,2019-07-24 02:20:26.000000
1831,2019-07-24 02:20:01.000000,2019-07-24 02:19:47.000000,2,Outbound,16593,2019-07-24 02:18:45.000000,2019-07-24 02:20:27.000000
1832,2019-07-24 02:20:01.000000,2019-07-24 02:19:47.000000,38,Outbound,14298,2019-07-24 02:18:50.000000,2019-07-24 02:20:30.000000
1833,2019-07-24 02:20:01.000000,2019-07-24 02:19:47.000000,14,Inbound,15547,2019-07-24 02:22:29.000000,2019-07-24 02:20:32.000000
1834,2019-07-24 02:20:01.000000,2019-07-24 02:19:47.000000,7,Outbound,14940,2019-07-24 02:23:51.000000,2019-07-24 02:20:33.000000
1835,2019-07-24 02:20:01.000000,2019-07-24 02:19:47.000000,N,Outbound,16996,2019-07-24 02:20:00.000000,2019-07-24 02:20:38.000000
1836,2019-07-24 02:20:01.000000,2019-07-24 02:19:47.000000,M,Outbound,16991,2019-07-24 02:17:00.000000,2019-07-24 02:20:47.000000
1837,2019-07-24 02:20:01.000000,2019-07-24 02:19:47.000000,14,Inbound,15542,2019-07-24 02:19:33.000000,2019-07-24 02:20:53.000000
1838,2019-07-24 02:20:01.000000,1970-01-01 00:00:00.000000,2,Inbound,14048,2019-07-24 02:18:42.000000,2019-07-24 02:20:53.000000
1839,2019-07-24 02:20:01.000000,2019-07-24 02:19:47.000000,M,Inbound,15727,2019-07-24 02:23:20.000000,2019-07-24 02:20:53.000000
1840,2019-07-24 02:20:01.000000,2019-07-24 02:19:47.000000,14,Inbound,17841,2019-07-24 02:22:26.000000,2019-07-24 02:20:55.000000
1841,2019-07-24 02:20:01.000000,2019-07-24 02:19:47.000000,M,Inbound,16898,2019-07-24 02:22:15.000000,2019-07-24 02:20:58.000000
1842,2019-07-24 02:20:01.000000,2019-07-24 02:19:47.000000,N,Outbound,15224,2019-07-24 02:16:00.000000,2019-07-24 02:21:06.000000
1843,2019-07-24 02:20:01.000000,2019-07-24 02:19:47.000000,N,Outbound,15199,2019-07-24 02:19:00.000000,2019-07-24 02:21:06.000000
1844,2019-07-24 02:20:01.000000,2019-07-24 02:19:47.000000,7,Inbound,13425,2019-07-24 02:24:59.000000,2019-07-24 02:21:11.000000
1845,2019-07-24 02:20:01.000000,2019-07-24 02:19:47.000000,2,Inbound,16024,2019-07-24 02:22:00.000000,2019-07-24 02:21:15.000000
1846,2019-07-24 02:20:01.000000,2019-07-24 02:19:47.000000,2,Outbound,13892,2019-07-24 02:24:00.000000,2019-07-24 02:21:34.000000
1847,2019-07-24 02:20:01.000000,2019-07-24 02:19:47.000000,M,Outbound,13376,2019-07-24 02:02:40.000000,2019-07-24 02:22:29.000000
1848,2019-07-24 02:20:01.000000,2019-07-24 02:19:47.000000,M,Outbound,16993,2019-07-24 02:14:33.000000,2019-07-24 02:23:15.000000
1849,2019-07-24 02:30:01.000000,2019-07-24 02:29:51.000000,14,Outbound,15590,2019-07-24 02:29:26.000000,2019-07-24 02:30:04.000000
1850,2019-07-24 02:30:01.000000,2019-07-24 02:29:51.000000,7,Inbound,14961,2019-07-24 02:29:02.000000,2019-07-24 02:30:04.000000
1851,2019-07-24 02:30:01.000000,2019-07-24 02:29:51.000000,N,Outbound,13914,2019-07-24 02:29:49.000000,2019-07-24 02:30:06.000000
1852,2019-07-24 02:30:01.000000,2019-07-24 02:29:51.000000,38,Outbound,14265,2019-07-24 02:26:35.000000,2019-07-24 02:30:07.000000
1853,2019-07-24 02:30:01.000000,2019-07-24 02:29:51.000000,38,Inbound,14272,2019-07-24 02:29:34.000000,2019-07-24 02:30:09.000000
1854,2019-07-24 02:30:01.000000,2019-07-24 02:29:51.000000,7,Inbound,14720,2019-07-24 02:35:02.000000,2019-07-24 02:30:09.000000
1855,2019-07-24 02:30:01.000000,2019-07-24 02:29:51.000000,M,Outbound,13716,2019-07-24 02:07:56.000000,2019-07-24 02:30:09.000000
1856,2019-07-24 02:30:01.000000,2019-07-24 02:29:51.000000,38,Outbound,14301,2019-07-24 02:30:08.000000,2019-07-24 02:30:15.000000
1857,2019-07-24 02:30:01.000000,2019-07-24 02:29:51.000000,38,Outbound,14303,2019-07-24 02:29:29.000000,2019-07-24 02:30:16.000000
1858,2019-07-24 02:30:01.000000,2019-07-24 02:29:51.000000,N,Inbound,15124,2019-07-24 02:25:06.000000,2019-07-24 02:30:17.000000
1859,2019-07-24 02:30:01.000000,2019-07-24 02:29:51.000000,N,Outbound,15237,2019-07-24 02:30:15.000000,2019-07-24 02:30:19.000000
1860,2019-07-24 02:30:01.000000,2019-07-24 02:29:51.000000,7,Outbound,15741,2019-07-24 02:21:48.000000,2019-07-24 02:30:21.000000
1861,2019-07-24 02:30:01.000000,2019-07-24 02:29:51.000000,2,Outbound,16098,2019-07-24 02:28:27.000000,2019-07-24 02:30:24.000000
1862,2019-07-24 02:30:01.000000,2019-07-24 02:29:51.000000,14,Inbound,15613,2019-07-24 02:32:57.000000,2019-07-24 02:30:25.000000
1863,2019-07-24 02:30:01.000000,2019-07-24 02:29:51.000000,7,Inbound,15752,2019-07-24 02:30:57.000000,2019-07-24 02:30:25.000000
1864,2019-07-24 02:30:01.000000,2019-07-24 02:29:51.000000,14,Inbound,15531,2019-07-24 02:27:34.000000,2019-07-24 02:30:30.000000
1865,2019-07-24 02:30:01.000000,2019-07-24 02:29:51.000000,14,Outbound,15552,2019-07-24 02:31:00.000000,2019-07-24 02:30:33.000000
1866,2019-07-24 02:30:01.000000,2019-07-24 02:29:51.000000,14,Outbound,15616,2019-07-24 02:23:24.000000,2019-07-24 02:30:34.000000
1867,2019-07-24 02:30:01.000000,2019-07-24 02:29:51.000000,M,Inbound,16220,2019-07-24 02:29:48.000000,2019-07-24 02:30:35.000000
1868,2019-07-24 02:30:01.000000,2019-07-24 02:29:51.000000,14,Inbound,15593,2019-07-24 02:29:00.000000,2019-07-24 02:30:38.000000
1869,2019-07-24 02:30:01.000000,2019-07-24 02:29:51.000000,2,Outbound,17019,2019-07-24 02:32:41.000000,2019-07-24 02:30:40.000000
1870,2019-07-24 02:30:01.000000,2019-07-24 02:29:51.000000,7,Outbound,15296,2019-07-24 02:33:32.000000,2019-07-24 02:30:42.000000
1871,2019-07-24 02:30:01.000000,2019-07-24 02:29:51.000000,38,Inbound,14288,2019-07-24 02:25:26.000000,2019-07-24 02:30:43.000000
1872,2019-07-24 02:30:01.000000,2019-07-24 02:29:51.000000,N,Inbound,15210,2019-07-24 02:29:58.000000,2019-07-24 02:30:46.000000
1873,2019-07-24 02:30:01.000000,2019-07-24 02:29:51.000000,N,Outbound,15118,2019-07-24 02:23:11.000000,2019-07-24 02:30:46.000000
1874,2019-07-24 02:30:01.000000,2019-07-24 02:29:51.000000,7,Outbound,15745,2019-07-24 02:34:53.000000,2019-07-24 02:30:47.000000
1875,2019-07-24 02:30:01.000000,2019-07-24 02:29:51.000000,38,Inbound,15817,2019-07-24 02:29:00.000000,2019-07-24 02:30:49.000000
1876,2019-07-24 02:30:01.000000,2019-07-24 02:29:51.000000,N,Inbound,15194,2019-07-24 02:32:34.000000,2019-07-24 02:30:49.000000
1877,2019-07-24 02:30:01.000000,2019-07-24 02:29:51.000000,2,Inbound,13876,2019-07-24 02:26:54.000000,2019-07-24 02:30:51.000000
1878,2019-07-24 02:30:01.000000,2019-07-24 02:29:51.000000,2,Outbound,15669,2019-07-24 02:30:33.000000,2019-07-24 02:30:53.000000
1879,2019-07-24 02:30:01.000000,2019-07-24 02:29:51.000000,M,Inbound,16224,2019-07-24 02:30:15.000000,2019-07-24 02:31:00.000000
1880,2019-07-24 02:30:01.000000,2019-07-24 02:29:51.000000,M,Outbound,13719,2019-07-24 02:09:00.000000,2019-07-24 02:31:07.000000
1881,2019-07-24 02:30:01.000000,2019-07-24 02:29:51.000000,2,Inbound,13893,2019-07-24 02:28:00.000000,2019-07-24 02:31:48.000000
1882,2019-07-24 02:30:01.000000,2019-07-24 02:29:51.000000,2,Inbound,15638,2019-07-24 02:33:59.000000,2019-07-24 02:32:16.000000
1883,2019-07-24 02:30:01.000000,2019-07-24 02:29:51.000000,M,Outbound,16739,2019-07-24 02:17:00.000000,2019-07-24 02:32:18.000000
1884,2019-07-24 02:30:01.000000,2019-07-24 02:29:51.000000,M,Inbound,16225,2019-07-24 02:31:40.000000,2019-07-24 02:32:32.000000
1885,2019-07-24 02:40:01.000000,2019-07-24 02:39:54.000000,38,Inbound,14294,2019-07-24 02:41:59.000000,2019-07-24 02:40:02.000000
1886,2019-07-24 02:40:01.000000,2019-07-24 02:39:54.000000,7,Outbound,14941,2019-07-24 02:41:35.000000,2019-07-24 02:40:02.000000
1887,2019-07-24 02:40:01.000000,2019-07-24 02:39:54.000000,N,Inbound,15194,2019-07-24 02:40:34.000000,2019-07-24 02:40:02.000000
1888,2019-07-24 02:40:01.000000,2019-07-24 02:39:54.000000,N,Outbound,15198,2019-07-24 02:40:23.000000,2019-07-24 02:40:08.000000
1889,2019-07-24 02:40:01.000000,2019-07-24 02:39:54.000000,38,Outbound,14757,2019-07-24 02:41:00.000000,2019-07-24 02:40:09.000000
1890,2019-07-24 02:40:01.000000,2019-07-24 02:39:54.000000,2,Outbound,16612,2019-07-24 02:39:54.000000,2019-07-24 02:40:10.000000
1891,2019-07-24 02:40:01.000000,2019-07-24 02:39:54.000000,38,Inbound,14258,2019-07-24 02:39:29.000000,2019-07-24 02:40:10.000000
1892,2019-07-24 02:40:01.000000,2019-07-24 02:39:54.000000,N,Inbound,15124,2019-07-24 02:37:06.000000,2019-07-24 02:40:10.000000
1893,2019-07-24 02:40:01.000000,2019-07-24 02:39:54.000000,38,Outbound,13566,2019-07-24 02:35:31.000000,2019-07-24 02:40:11.000000
1894,2019-07-24 02:40:01.000000,2019-07-24 02:39:54.000000,14,Outbound,15626,2019-07-24 02:42:15.000000,2019-07-24 02:40:12.000000
1895,2019-07-24 02:40:01.000000,2019-07-24 02:39:54.000000,7,Inbound,15652,2019-07-24 02:38:01.000000,2019-07-24 02:40:15.000000
1896,2019-07-24 02:40:01.000000,2019-07-24 02:39:54.000000,38,Inbound,15641,2019-07-24 02:41:00.000000,2019-07-24 02:40:16.000000
1897,2019-07-24 02:40:01.000000,2019-07-24 02:39:54.000000,7,Inbound,17186,2019-07-24 02:42:00.000000,2019-07-24 02:40:16.000000
1898,2019-07-24 02:40:01.000000,2019-07-24 02:39:54.000000,14,Outbound,15619,2019-07-24 02:40:36.000000,2019-07-24 02:40:18.000000
1899,2019-07-24 02:40:01.000000,2019-07-24 02:39:54.000000,2,Outbound,16591,2019-07-24 02:34:00.000000,2019-07-24 02:40:21.000000
1900,2019-07-24 02:40:01.000000,2019-07-24 02:39:54.000000,38,Outbound,14255,2019-07-24 02:42:07.000000,2019-07-24 02:40:21.000000
1901,2019-07-24 02:40:01.000000,2019-07-24 02:39:54.000000,M,Outbound,13403,2019-07-24 02:24:33.000000,2019-07-24 02:40:22.000000
1902,2019-07-24 02:40:01.000000,2019-07-24 02:39:54.000000,14,Inbound,15542,2019-07-24 02:41:48.000000,2019-07-24 02:40:25.000000
1903,2019-07-24 02:40:01.000000,2019-07-24 02:39:54.000000,14,Inbound,15613,2019-07-24 02:39:22.000000,2019-07-24 02:40:28.000000
1904,2019-07-24 02:40:01.000000,2019-07-24 02:39:54.000000,M,Outbound,16998,2019-07-24 02:41:52.000000,2019-07-24 02:40:28.000000
1905,2019-07-24 02:40:01.000000,2019-07-24 02:39:54.000000,N,Inbound,14506,2019-07-24 02:39:00.000000,2019-07-24 02:40:29.000000
1906,2019-07-24 02:40:01.000000,2019-07-24 02:39:54.000000,14,Outbound,15580,2019-07-24 02:40:23.000000,2019-07-24 02:40:33.000000
1907,2019-07-24 02:40:01.000000,2019-07-24 02:39:54.000000,14,Inbound,15595,2019-07-24 02:39:42.000000,2019-07-24 02:40:34.000000
1908,2019-07-24 02:40:01.000000,2019-07-24 02:39:54.000000,7,Outbound,15296,2019-07-24 02:42:56.000000,2019-07-24 02:40:35.000000
1909,2019-07-24 02:40:01.000000,2019-07-24 02:39:54.000000,N,Outbound,17217,2019-07-24 02:39:00.000000,2019-07-24 02:40:50.000000
1910,2019-07-24 02:40:01.000000,2019-07-24 02:39:54.000000,7,Inbound,15307,2019-07-24 02:42:42.000000,2019-07-24 02:40:53.000000
1911,2019-07-24 02:40:01.000000,2019-07-24 02:39:54.000000,M,Outbound,16503,2019-07-24 02:30:00.000000,2019-07-24 02:40:55.000000
1912,2019-07-24 02:40:01.000000,2019-07-24 02:39:54.000000,7,Outbound,15678,2019-07-24 02:41:01.000000,2019-07-24 02:40:58.000000
1913,2019-07-24 02:40:01.000000,2019-07-24 02:39:54.000000,2,Outbound,16595,2019-07-24 02:40:46.000000,2019-07-24 02:41:00.000000
1914,2019-07-24 02:40:01.000000,2019-07-24 02:39:54.000000,N,Outbound,15202,2019-07-24 02:34:21.000000,2019-07-24 02:41:16.000000
1915,2019-07-24 02:40:01.000000,2019-07-24 02:39:54.000000,2,Inbound,16588,2019-07-24 02:35:33.000000,2019-07-24 02:41:17.000000
1916,2019-07-24 02:40:01.000000,2019-07-24 02:39:54.000000,M,Inbound,15730,2019-07-24 02:38:39.000000,2019-07-24 02:41:18.000000
1917,2019-07-24 02:40:01.000000,2019-07-24 02:39:54.000000,M,Inbound,15731,2019-07-24 02:39:16.000000,2019-07-24 02:41:19.000000
1918,2019-07-24 02:40:01.000000,2019-07-24 02:39:54.000000,2,Inbound,16600,2019-07-24 02:36:06.000000,2019-07-24 02:41:46.000000
1919,2019-07-24 02:40:01.000000,2019-07-24 02:39:54.000000,2,Inbound,16018,2019-07-24 02:36:57.000000,2019-07-24 02:42:44.000000
1920,2019-07-24 02:40:01.000000,2019-07-24 02:39:54.000000,M,Inbound,16992,2019-07-24 02:41:00.000000,2019-07-24 02:43:34.000000
1921,2019-07-24 02:50:01.000000,2019-07-24 02:49:58.000000,38,Outbound,14257,2019-07-24 02:51:28.000000,2019-07-24 02:50:03.000000
1922,2019-07-24 02:50:01.000000,2019-07-24 02:49:58.000000,7,Outbound,13446,2019-07-24 02:52:49.000000,2019-07-24 02:50:03.000000
1923,2019-07-24 02:50:01.000000,2019-07-24 02:49:58.000000,N,Outbound,15213,2019-07-24 02:50:29.000000,2019-07-24 02:50:03.000000
1924,2019-07-24 02:50:01.000000,2019-07-24 02:49:58.000000,14,Inbound,15620,2019-07-24 02:49:00.000000,2019-07-24 02:50:04.000000
1925,2019-07-24 02:50:01.000000,2019-07-24 02:49:58.000000,38,Inbound,15814,2019-07-24 02:52:08.000000,2019-07-24 02:50:05.000000
1926,2019-07-24 02:50:01.000000,2019-07-24 02:49:58.000000,N,Outbound,15193,2019-07-24 02:48:08.000000,2019-07-24 02:50:05.000000
1927,2019-07-24 02:50:01.000000,2019-07-24 02:49:58.000000,14,Outbound,15545,2019-07-24 02:51:00.000000,2019-07-24 02:50:08.000000
1928,2019-07-24 02:50:01.000000,2019-07-24 02:49:58.000000,2,Inbound,16016,2019-07-24 02:41:51.000000,2019-07-24 02:50:08.000000
1929,2019-07-24 02:50:01.000000,2019-07-24 02:49:58.000000,14,Inbound,15542,2019-07-24 02:49:48.000000,2019-07-24 02:50:09.000000
1930,2019-07-24 02:50:01.000000,2019-07-24 02:49:58.000000,38,Outbound,14298,2019-07-24 02:49:31.000000,2019-07-24 02:50:09.000000
1931,2019-07-24 02:50:01.000000,2019-07-24 02:49:58.000000,N,Inbound,15200,2019-07-24 02:54:00.000000,2019-07-24 02:50:09.000000
1932,2019-07-24 02:50:01.000000,2019-07-24 02:49:58.000000,38,Outbound,16109,2019-07-24 02:49:44.000000,2019-07-24 02:50:10.000000
1933,2019-07-24 02:50:01.000000,2019-07-24 02:49:58.000000,7,Inbound,15652,2019-07-24 02:54:01.000000,2019-07-24 02:50:12.000000
1934,2019-07-24 02:50:01.000000,2019-07-24 02:49:58.000000,N,Inbound,15234,2019-07-24 02:42:04.000000,2019-07-24 02:50:14.000000
1935,2019-07-24 02:50:01.000000,2019-07-24 02:49:58.000000,N,Inbound,15234,2019-07-24 02:42:04.000000,2019-07-24 02:50:14.000000
1936,2019-07-24 02:50:01.000000,2019-07-24 02:49:58.000000,M,Inbound,16257,2019-07-24 02:49:42.000000,2019-07-24 02:50:16.000000
1937,2019-07-24 02:50:01.000000,2019-07-24 02:49:58.000000,14,Inbound,15575,2019-07-24 02:51:50.000000,2019-07-24 02:50:17.000000
1938,2019-07-24 02:50:01.000000,2019-07-24 02:49:58.000000,38,Inbound,15817,2019-07-24 02:46:00.000000,2019-07-24 02:50:17.000000
1939,2019-07-24 02:50:01.000000,2019-07-24 02:49:58.000000,14,Outbound,15529,2019-07-24 02:49:10.000000,2019-07-24 02:50:18.000000
1940,2019-07-24 02:50:01.000000,2019-07-24 02:49:58.000000,M,Inbound,15417,2019-07-24 02:49:31.000000,2019-07-24 02:50:18.000000
1941,2019-07-24 02:50:01.000000,2019-07-24 02:49:58.000000,N,Outbound,15121,2019-07-24 02:50:42.000000,2019-07-24 02:50:23.000000
1942,2019-07-24 02:50:01.000000,2019-07-24 02:49:58.000000,2,Outbound,13852,2019-07-24 02:43:46.000000,2019-07-24 02:50:24.000000
1943,2019-07-24 02:50:01.000000,2019-07-24 02:49:58.000000,7,Inbound,15756,2019-07-24 02:47:39.000000,2019-07-24 02:50:27.000000
1944,2019-07-24 02:50:01.000000,2019-07-24 02:49:58.000000,2,Outbound,16591,2019-07-24 02:50:00.000000,2019-07-24 02:50:28.000000
1945,2019-07-24 02:50:01.000000,2019-07-24 02:49:58.000000,14,Outbound,15580,2019-07-24 02:54:46.000000,2019-07-24 02:50:33.000000
1946,2019-07-24 02:50:01.000000,2019-07-24 02:49:58.000000,38,Inbound,17953,2019-07-24 02:55:00.000000,2019-07-24 02:50:40.000000
1947,2019-07-24 02:50:01.000000,2019-07-24 02:49:58.000000,7,Outbound,13447,2019-07-24 02:53:33.000000,2019-07-24 02:50:42.000000
1948,2019-07-24 02:50:01.000000,2019-07-24 02:49:58.000000,M,Outbound,16994,2019-07-24 02:47:28.000000,2019-07-24 02:50:43.000000
1949,2019-07-24 02:50:01.000000,2019-07-24 02:49:58.000000,2,Inbound,16126,2019-07-24 02:42:34.000000,2019-07-24 02:50:45.000000
1950,2019-07-24 02:50:01.000000,2019-07-24 02:49:58.000000,M,Outbound,13387,2019-07-24 02:39:38.000000,2019-07-24 02:50:45.000000
1951,2019-07-24 02:50:01.000000,2019-07-24 02:49:58.000000,7,Inbound,14963,2019-07-24 02:52:07.000000,2019-07-24 02:50:48.000000
1952,2019-07-24 02:50:01.000000,2019-07-24 02:49:58.000000,2,Outbound,16596,2019-07-24 02:51:57.000000,2019-07-24 02:50:56.000000
1953,2019-07-24 02:50:01.000000,2019-07-24 02:49:58.000000,7,Outbound,15696,2019-07-24 02:52:00.000000,2019-07-24 02:51:02.000000
1954,2019-07-24 02:50:01.000000,2019-07-24 02:49:58.000000,M,Outbound,16175,2019-07-24 02:32:52.000000,2019-07-24 02:51:19.000000
1955,2019-07-24 02:50:01.000000,2019-07-24 02:49:58.000000,2,Inbound,16017,2019-07-24 02:43:24.000000,2019-07-24 02:51:23.000000
1956,2019-07-24 02:50:01.000000,2019-07-24 02:49:58.000000,M,Inbound,13718,2019-07-24 02:51:00.000000,2019-07-24 02:51:42.000000
